publish_date,ID,journal_name
2023,7B6NfxTP,sciencedirect.com
2020,uONXR8ng,springer.com
2020,nVfEXQ7d,acm.org
2021,25qO4x3m,arxiv.org
2001,2dTXnOmC,psu.edu
1909,vVJWhmzX,arxiv.org
2006,Ere6zYk3,mdpi.com
1907,PObygtBN,arxiv.org
2020,ZN1OMSPX,osf.io
2021,foUzmiv9,sciencedirect.com
2018,Z4jbEzKg,arxiv.org
2023,MPbxYDZn,arxiv.org
2022,NcFw1K2z,aaai.org
2022,gdh2wQOM,arxiv.org
2020,QIAMWtEg,arxiv.org
2021,UjzKyW6v,arxiv.org
2021,kAmv4K3h,arxiv.org
2022,osb8zQJV,arxiv.org
2021,zut4rqeX,aclanthology.org
2023,M4bQPpeJ,researchgate.net
2021,xv1oJayA,cambridge.org
2023,VbpvHDoK,arxiv.org
2009,JxE3SMKD,arxiv.org
2020,XqLTv6Gi,aclanthology.org
2021,cuhI4eJz,int-res.com
2023,Pz6WNnGA,nejm.org
2020,PidWAKTM,arxiv.org
2023,IEJM70O6,pnas.org
2023,j8fmnXWc,arxiv.org
2012,T2DV6SrX,github.io
2020,e9NHaX1G,culturalanalytics.org
1988,KBfoPqjD,nih.gov
2019,I4bWHQD3,arxiv.org
2022,LZsu3fSp,springer.com
2022,oGn6fCxE,neurips.cc
1911,JzRPoBFO,arxiv.org
2021,tHDCeoMv,aclanthology.org
2021,Ok0HxK9r,aaai.org
2023,gWjmb8FE,arxiv.org
2023,XheE7xwM,stableaiprompts.com
2016,YJOgAFjT,arxiv.org
2023,UCk2B1Oi,thecvf.com
2011,L4NTkOCp,arxiv.org
2022,r24jEWSu,thecvf.com
2018,kfjQC4Gx,nber.org
2023,5UlLenMd,psyarxiv.com
2022,n6U5czdq,arxiv.org
2022,S7zyNrUR,arxiv.org
2009,U1XOsTwu,igs.org
2021,C9O4q7nK,mlr.press
2023,CepQiXMK,nature.com
2023,3rXoxPYU,sciencedirect.com
2023,LgzGRMI9,datascienceassn.org
2023,b52ftRnv,arxiv.org
2012,YozEm27B,arxiv.org
2022,hHnGz3v1,arxiv.org
2023,oHK1yMtn,sciencedirect.com
2023,S7UF8c5Q,arxiv.org
2023,zqecIvyr,arxiv.org
2023,NUe9zMLO,aaai.org
2014,GBSw1U9R,arxiv.org
2023,MpNXrYRc,nih.gov
2013,YJ5v6ME7,arxiv.org
2023,rNamt9AM,researchgate.net
2022,weLhRDbo,ucl.ac.uk
2020,r8MEAan3,arxiv.org
2022,Bv80hQrc,arxiv.org
2022,3Vh4LTl6,neurips.cc
2022,8ABqn4lm,sciam.com
2023,va2CLe7t,arxiv.org
2023,QlqvcLIk,researchgate.net
2022,njgl2TVu,jmir.org
2016,mqDMrFSg,arxiv.org
2015,sJWrBOM7,wiley.com
2022,xYGMFug4,researchgate.net
2022,32nM4tTW,vldb.org
2023,N5BFjM2C,aclanthology.org
2022,Kqd0mVCH,arxiv.org
2023,EMod7PA9,nature.com
2023,0CuGlKbq,hmjournals.com
2023,BbvrfXSa,arxiv.org
2021,0RbFog7c,nature.com
2015,XhVGCrQu,arxiv.org
2021,tHs4TQI5,peerj.com
2023,0l9EJ5Bi,mdpi.com
2021,2eKapxhf,arxiv.org
1907,Z7jRQsFa,arxiv.org
2023,nljSH8zN,researchgate.net
2023,YySMrPgp,thecvf.com
2023,N68xOKQE,edarxiv.org
2023,ypw6ovrO,arxiv.org
2016,nGpO6Tbs,arxiv.org
2022,qQe9u3UJ,medrxiv.org
2021,2mt0sORF,sciencedirect.com
2018,etsU70xf,nber.org
2023,sw4GAndv,arxiv.org
2023,Eu1D6LsF,oup.com
2022,5r2qNAuX,arxiv.org
2004,C3tckVja,arxiv.org
2023,BjfP98Ww,arxiv.org
2004,xuq71kQv,arxiv.org
2023,hdRuJ0lP,arxiv.org
2023,kpOBXvKw,arxiv.org
2011,yGWb0YRD,arxiv.org
2023,wLbVIWBO,arxiv.org
2022,Slf5Fqy3,arxiv.org
2023,3fzqweYI,researchgate.net
2021,l3LrFM2o,arxiv.org
2023,mPqjBcQ3,arxiv.org
2023,PathOKxB,nih.gov
2023,83CjubSL,arxiv.org
2022,KBmtjlZe,arxiv.org
2023,Zulqz2NV,arxiv.org
2023,0463uLwy,ieee.org
2023,2YuAaOIs,mdpi.com
2005,dPfBkulW,tue.nl
2022,SactOJkq,arxiv.org
2023,opNFz9WT,researchgate.net
2021,WAkfoL3g,arxiv.org
2017,E4GlKRvD,arxiv.org
2016,Ny128iLF,arxiv.org
2022,sSUAuk8E,stamper.org
2023,oSQyEIuj,arxiv.org
2021,aw1G8Je6,aston.ac.uk
2022,O4fX0kTr,researchgate.net
2023,XmoaOJeb,arxiv.org
2023,HS3rGoKP,arxiv.org
2023,NV8vIfHW,medrxiv.org
2022,wfbmWiP5,cambridge.org
2023,kiPO6BxE,it-world.ru
2023,rQM6wogT,arxiv.org
2022,eb9lZj3V,thecvf.com
2023,5socpHlL,researchgate.net
2022,eW05XYQA,aclanthology.org
2023,RLkMUv8E,temple.edu
2023,2MhZtOPL,arxiv.org
2023,gfMawcuq,arxiv.org
2023,g9Tw7qdj,thecvf.com
2013,sitwbE4d,nature.com
2023,jihNW5J3,arxiv.org
2012,GIOdJY5x,arxiv.org
2021,VLiarjhC,arxiv.org
2021,dzDMWU51,ieee.org
2023,PeWurFEG,mdpi.com
2021,4NpKiuQU,acm.org
2022,v2m3OKX6,arxiv.org
2016,yLjsmNUf,arxiv.org
2023,O1AjlDtG,mdpi.com
2021,LzQ425DI,biorxiv.org
2023,9Grp5TfU,arxiv.org
2022,3KFidEfn,arxiv.org
2022,USaRyWNe,acm.org
2023,LrtuwPn6,tandfonline.com
2023,iEa8OVHN,arxiv.org
2023,ERuFyxhW,arxiv.org
2016,w3nTe8yJ,hbs.edu
2019,9zp2vuDX,arxiv.org
2023,dDEiLl3a,arxiv.org
2014,HGduQ2Br,arxiv.org
2022,JSPknAmh,arxiv.org
2022,Xqfoy6uN,hal.science
2015,jvyQFb04,arxiv.org
2023,3wu5RZSX,arxiv.org
2022,0kIGD6iX,ieee.org
2015,q3ytLdrU,arxiv.org
2023,tKoq7ula,researchgate.net
2023,1cX6DHyo,arxiv.org
2020,Ssd2x6RA,arxiv.org
2023,h8ukA6JG,arxiv.org
2023,fSV4pwDW,arxiv.org
2022,ur04qhzY,mtak.hu
2023,zrQSgqUw,iacr.org
2023,sploKRbY,arxiv.org
2019,pdaIH9P1,aclanthology.org
2023,F02pHEJ6,arxiv.org
2023,wSRvJzyx,springer.com
2023,lPn2AbiZ,springer.com
2023,0cSOkpLz,aclanthology.org
2009,OhmRVGad,arxiv.org
2023,AufMEvXi,sciencedirect.com
2023,VHeAOQwX,medrxiv.org
2023,YUJT1wI8,nih.gov
1999,eTh0tqnl,springer.com
2023,bgiDFwpL,acs.org
2021,kHAdm3Yc,researchgate.net
2023,j8cCLa9k,arxiv.org
2023,62SUKIEQ,arxiv.org
2014,FL2I0jtk,arxiv.org
2020,7jnPYFXr,arxiv.org
2023,ZRmWBEae,arxiv.org
2023,bHPxogfA,arxiv.org
2023,BUIw2Xpa,arxiv.org
2016,czvhZN1W,arxiv.org
2023,SyJlLGWw,arxiv.org
2022,xPXDWheO,medrxiv.org
2023,ZohMsSbI,springer.com
2023,atujKDWT,arxiv.org
2015,FLnqjYeX,arxiv.org
2023,J29S3QAz,sciencedirect.com
2011,t1SerG4n,academia.edu
2023,kq1gajti,sciencedirect.com
2021,qiC1huRg,sfu.ca
2013,NvLy3ZQP,arxiv.org
2023,wvmCUXeg,arxiv.org
2020,XGHvVOhx,iospress.nl
2018,tX7L0TjW,arxiv.org
2020,FqcDVSth,arxiv.org
2023,fkBasIRn,arxiv.org
2023,ntPf9YTL,arxiv.org
2023,EO1SiZFQ,arxiv.org
2010,lYJNmMkB,arxiv.org
2023,KUDYsrgx,arxiv.org
2013,hPRHas0l,researchgate.net
2023,hc0kuj91,aclanthology.org
2022,U1aj5sbI,arxiv.org
2023,X5iVb1hg,arxiv.org
2010,H8kzhiy2,roiw.org
2023,rXa4Zfbz,springer.com
2023,UQLodcyV,mdpi.com
2023,padr49uH,arxiv.org
2023,aJ2rCBN1,arxiv.org
2023,wc3CNWAY,arxiv.org
2023,w7M15vJo,arxiv.org
2023,Cnzx7MOe,nih.gov
2022,09xAsXvw,aclanthology.org
2023,DXnt1RwC,arxiv.org
2023,EG0nOhg3,acm.org
2020,56JNuyCY,arxiv.org
2023,eNjA56qK,arxiv.org
2023,V6rqvk2g,researchgate.net
2023,Dp0KVMgo,arxiv.org
2023,u58rWP2L,arxiv.org
2023,6IYhtrnO,preprints.org
2023,qhjrlkEc,uottawa.ca
2023,0gnzrFXV,sciencedirect.com
2023,k6hpY7WV,arxiv.org
2023,hI4Eb7eC,arxiv.org
2023,n2hgeZBF,arxiv.org
2023,bdKB5qSG,arxiv.org
2013,GObluUni,arxiv.org
2023,0o6BFaDk,arxiv.org
2023,dsA83Euv,jonedu.org
2023,YtPGMuUr,arxiv.org
2023,o1Abvjdt,lww.com
2015,x2BPSQM1,arxiv.org
2022,JGmzDCkE,ieee.org
2023,waQj8cdW,springer.com
2023,zC6DZq91,arxiv.org
2023,SbFt6NMh,mdpi.com
2023,Tpz1IqUL,arxiv.org
2015,d1lZiTXx,arxiv.org
2023,8xyanzfV,aclanthology.org
2023,ouTvSOV8,arxiv.org
2023,Ro7OWxJg,arxiv.org
2023,j7T21Frs,arxiv.org
2014,B5IWFzyA,arxiv.org
2023,nO9vT5eN,mdpi.com
2023,1ip8ekQX,biorxiv.org
2021,piKVwA3g,mdpi.com
2020,goc3f4zh,arxiv.org
2011,jahTvmyr,arxiv.org
2022,xoXjbAU1,kent.ac.uk
2023,4AnzjCBY,arxiv.org
2023,RkvsMcmZ,medrxiv.org
2023,k7KLVfRs,iacr.org
2009,LyBSrqnF,jst.go.jp
2021,xrHXd0lC,jonuns.com
2023,yl61b3VM,uiad.ac.id
2023,FmlNhqXf,arxiv.org
2020,0LweES83,nih.gov
2023,05FnfMD2,medrxiv.org
2023,PNAH0TtK,pnas.org
2023,tsw4xaFh,chemrxiv.org
2023,u0Sh6BU1,arxiv.org
2023,gjDwXfUJ,arxiv.org
2023,Mo6fpbEO,arxiv.org
2023,O8Tan7vC,nih.gov
2022,5K7VNFXU,scitepress.org
2023,350FmPiB,arxiv.org
2020,HfX359cD,arxiv.org
2018,Af1vXmb0,arxiv.org
2021,z1mbupUe,github.io
2011,tVkr6PZL,arxiv.org
2023,jYzMUBDH,arxiv.org
2022,DgNbkhJ2,researchgate.net
2023,dQHn14M9,arxiv.org
2014,CkqF1QLt,arxiv.org
2023,4YBUsOSd,arxiv.org
2020,JeCaWFcy,arxiv.org
2019,e4rXzotn,arxiv.org
2023,ovUbwn86,sciencedirect.com
2023,I6Aum3Kg,aclanthology.org
2006,lYDX1QCM,academia.edu
2022,YhJXvBuo,ceur-ws.org
2023,c6Nmwobe,nih.gov
2023,PG0EkW78,arxiv.org
2019,pexsAIEb,arxiv.org
2023,NtlTj70K,nature.com
2023,Mw8YlW7d,arxiv.org
2003,9XctdYRB,psu.edu
2023,r1AOhByb,arxiv.org
2023,jvoHkda8,medrxiv.org
2009,b4Kj7vwS,academia.edu
2014,j1JlX9rh,arxiv.org
2022,CFI7s3aq,arxiv.org
2023,O6fnMuqa,ue.poznan.pl
2014,8otghDJx,arxiv.org
2001,SXburUqm,acs.org
2023,jVU5qawO,preprints.org
2023,BNZPwm3F,arxiv.org
2020,SJGwdjqW,arxiv.org
2020,3UGeOWBI,arxiv.org
1994,tMP7lC4m,nih.gov
2023,iTfjJPxg,arxiv.org
2023,7pubfoa6,ed.gov
2023,FyUhKLbw,arxiv.org
2023,1vJkN8bW,arxiv.org
2023,9wrDlqfv,amazonaws.com
2022,epSoZa3x,springer.com
2003,ygbsmO8I,oup.com
2021,3jkrdvVD,arxiv.org
2022,iMBzZ7xF,mtak.hu
2015,weoN2lgm,arxiv.org
2023,qxbevwK7,biorxiv.org
2023,7iuyLkxv,econstor.eu
2014,JAN9uvOa,arxiv.org
2023,52Md0E3P,springer.com
2023,ot5q7hv3,nature.com
2017,UujqH6aM,arxiv.org
2023,JwsCePyb,arxiv.org
2023,eJYBdjiT,arxiv.org
2023,UPdeD5ub,arxiv.org
2022,fe7YRLw6,aclanthology.org
2023,xFnisaeC,arxiv.org
2022,VlpaTn91,aclanthology.org
2023,Yclv1DJi,arxiv.org
2023,pRC30Q6Y,ceur-ws.org
2015,j9CGAbo7,arxiv.org
2019,Wov3gVRa,arxiv.org
2022,yLml03vu,aclanthology.org
2015,HQdAzpkE,arxiv.org
2020,xwPjZprA,arxiv.org
2023,54Oa2cut,kpi.ua
2023,xob5zwLN,arxiv.org
2023,JgSfTXcO,arxiv.org
2021,AFKaxODu,mdpi.com
